"string_id","title","subtitle","content","reading_length","locale/locale_id","blog_post/post_id","attachment:featured_image_id","published"
"demo_pm_en","Project Management Essentials","A quick guide to keeping your projects on track","<h2>Set Clear Goals</h2><p>Effective project management starts with clear goals. Before diving into tasks, define what success looks like for your team. A well-scoped project with measurable outcomes will always outperform a vague initiative with unlimited ambition. Take the time upfront to align stakeholders on priorities and deliverables.</p><p>Breaking large goals into smaller milestones makes progress visible and keeps motivation high. Each milestone should have a clear owner and deadline. When the team can see how their daily work connects to the bigger picture, they stay focused and engaged throughout the project lifecycle.</p><h2>Communicate Relentlessly</h2><p>Communication is the backbone of every successful project. Establish regular check-ins, keep documentation accessible, and make sure everyone knows who owns what. When blockers arise, surface them early rather than hoping they resolve themselves. A culture of transparency prevents small issues from snowballing into major setbacks.</p><p>Choose the right communication channels for different types of information. Quick status updates belong in chat, complex decisions deserve a meeting, and important conclusions should be documented where the whole team can find them. Over-communicating is almost always better than under-communicating, especially with distributed teams.</p><h2>Embrace Iteration</h2><p>No plan survives first contact with reality. Build in review points, gather feedback, and adjust course as needed. The best project managers are not those who predict the future perfectly, but those who adapt quickly when things change. Treat your project plan as a living document, not a contract set in stone.</p><p>Regular retrospectives help the team learn from what worked and what did not. Even short projects benefit from a mid-point check-in to reassess assumptions. By making iteration a habit rather than an exception, you build a team that improves continuously and delivers better results with each cycle.</p>","4 min","en_US","demo_project_management","apps/cms/demo_data/attachments/blog-1.jpg","true"
"demo_pm_de","Grundlagen des Projektmanagements","Ein kurzer Leitfaden, um Ihre Projekte auf Kurs zu halten","<h2>Klare Ziele setzen</h2><p>Effektives Projektmanagement beginnt mit klaren Zielen. Bevor Sie sich in Aufgaben vertiefen, definieren Sie, wie Erfolg für Ihr Team aussieht. Ein gut abgegrenztes Projekt mit messbaren Ergebnissen wird immer eine vage Initiative mit unbegrenztem Ehrgeiz übertreffen. Nehmen Sie sich vorab die Zeit, alle Beteiligten auf Prioritäten und Ergebnisse abzustimmen.</p><p>Große Ziele in kleinere Meilensteine aufzuteilen macht Fortschritte sichtbar und hält die Motivation hoch. Jeder Meilenstein sollte einen klaren Verantwortlichen und eine Frist haben. Wenn das Team sehen kann, wie seine tägliche Arbeit mit dem großen Ganzen zusammenhängt, bleibt es während des gesamten Projektlebenszyklus fokussiert und engagiert.</p><h2>Unermüdlich kommunizieren</h2><p>Kommunikation ist das Rückgrat jedes erfolgreichen Projekts. Richten Sie regelmäßige Besprechungen ein, halten Sie die Dokumentation zugänglich und stellen Sie sicher, dass jeder weiß, wer wofür verantwortlich ist. Wenn Hindernisse auftreten, sprechen Sie diese frühzeitig an, anstatt zu hoffen, dass sie sich von selbst lösen. Eine Kultur der Transparenz verhindert, dass kleine Probleme zu großen Rückschlägen werden.</p><p>Wählen Sie die richtigen Kommunikationskanäle für verschiedene Arten von Informationen. Schnelle Statusupdates gehören in den Chat, komplexe Entscheidungen verdienen ein Meeting und wichtige Ergebnisse sollten dort dokumentiert werden, wo das gesamte Team sie finden kann. Zu viel zu kommunizieren ist fast immer besser als zu wenig, besonders bei verteilten Teams.</p><h2>Iteration annehmen</h2><p>Kein Plan überlebt den ersten Kontakt mit der Realität. Planen Sie Überprüfungspunkte ein, sammeln Sie Feedback und passen Sie den Kurs bei Bedarf an. Die besten Projektmanager sind nicht diejenigen, die die Zukunft perfekt vorhersagen, sondern diejenigen, die sich schnell anpassen, wenn sich die Dinge ändern. Behandeln Sie Ihren Projektplan als lebendiges Dokument, nicht als in Stein gemeißelten Vertrag.</p><p>Regelmäßige Retrospektiven helfen dem Team, aus Erfolgen und Misserfolgen zu lernen. Selbst kurze Projekte profitieren von einer Zwischenbilanz, um Annahmen neu zu bewerten. Indem Sie Iteration zur Gewohnheit statt zur Ausnahme machen, bauen Sie ein Team auf, das sich kontinuierlich verbessert und mit jedem Zyklus bessere Ergebnisse liefert.</p>","4 min","de_DE","demo_project_management","apps/cms/demo_data/attachments/blog-1.jpg","true"
"demo_pm_fr","Les essentiels de la gestion de projet","Un guide rapide pour garder vos projets sur la bonne voie","<h2>Définir des objectifs clairs</h2><p>Une gestion de projet efficace commence par des objectifs clairs. Avant de vous lancer dans les tâches, définissez à quoi ressemble le succès pour votre équipe. Un projet bien cadré avec des résultats mesurables surpassera toujours une initiative vague aux ambitions illimitées. Prenez le temps en amont d'aligner les parties prenantes sur les priorités et les livrables.</p><p>Décomposer les grands objectifs en jalons plus petits rend les progrès visibles et maintient la motivation. Chaque jalon devrait avoir un responsable clair et une échéance. Quand l'équipe peut voir comment son travail quotidien se rattache à la vision d'ensemble, elle reste concentrée et engagée tout au long du cycle de vie du projet.</p><h2>Communiquer sans relâche</h2><p>La communication est la colonne vertébrale de tout projet réussi. Mettez en place des points réguliers, gardez la documentation accessible et assurez-vous que chacun sait qui est responsable de quoi. Lorsque des obstacles apparaissent, signalez-les tôt plutôt que d'espérer qu'ils se résolvent d'eux-mêmes. Une culture de transparence empêche les petits problèmes de se transformer en revers majeurs.</p><p>Choisissez les bons canaux de communication pour chaque type d'information. Les mises à jour rapides ont leur place dans le chat, les décisions complexes méritent une réunion et les conclusions importantes doivent être documentées là où toute l'équipe peut les trouver. Trop communiquer est presque toujours préférable à pas assez, surtout avec des équipes distribuées.</p><h2>Adopter l'itération</h2><p>Aucun plan ne survit au premier contact avec la réalité. Prévoyez des points de revue, recueillez des retours et ajustez le cap si nécessaire. Les meilleurs chefs de projet ne sont pas ceux qui prédisent parfaitement l'avenir, mais ceux qui s'adaptent rapidement quand les choses changent. Traitez votre plan de projet comme un document vivant, pas comme un contrat gravé dans la pierre.</p><p>Des rétrospectives régulières aident l'équipe à tirer des leçons de ce qui a fonctionné et de ce qui n'a pas marché. Même les projets courts bénéficient d'un bilan à mi-parcours pour réévaluer les hypothèses. En faisant de l'itération une habitude plutôt qu'une exception, vous construisez une équipe qui s'améliore continuellement et livre de meilleurs résultats à chaque cycle.</p>","4 min","fr_FR","demo_project_management","apps/cms/demo_data/attachments/blog-1.jpg","true"
"demo_ta_en","Talent Acquisition Strategies That Work","How to attract and retain the right people for your team","<h2>Build a Strong Employer Brand</h2><p>The best candidates are not just looking for a job — they are looking for a place where they can grow. Your employer brand is the first impression most applicants will have of your company. Invest in an authentic online presence that showcases your culture, values, and the real experiences of your employees. A compelling careers page and active social media presence go a long way.</p><p>Word of mouth remains one of the most powerful recruiting tools. Encourage your current team members to share their experiences and refer people they trust. Companies with strong internal cultures naturally attract external talent because enthusiasm is contagious and candidates can tell the difference between marketing and genuine satisfaction.</p><h2>Streamline the Hiring Process</h2><p>A slow or confusing hiring process costs you top candidates. The best talent is usually off the market within days, so every unnecessary step in your pipeline is a risk. Map out your hiring workflow, eliminate redundant interviews, and set clear timelines for each stage. Candidates who feel respected during the process are more likely to accept your offer.</p><p>Transparency matters at every touchpoint. Let candidates know what to expect, provide timely feedback, and be honest about the role and its challenges. A structured process with consistent evaluation criteria also reduces bias and leads to better hiring decisions. Speed and fairness are not competing goals — they reinforce each other.</p><h2>Retain Through Growth</h2><p>Acquisition does not end with a signed contract. The first ninety days are critical for setting new hires up for long-term success. Pair them with a mentor, set clear expectations, and check in frequently. A thoughtful onboarding experience signals that you value people beyond the interview stage and dramatically reduces early turnover.</p><p>Retention is ultimately about giving people meaningful work and room to develop. Regular career conversations, skill-building opportunities, and visible paths for advancement keep your best people engaged. When employees see a future at your company, they stop looking elsewhere — and they become your most effective recruiters.</p>","3 min","en_US","demo_talent_acquisition","apps/cms/demo_data/attachments/blog-2.jpg","true"
"demo_ta_de","Strategien zur Talentgewinnung, die funktionieren","So gewinnen und halten Sie die richtigen Mitarbeiter für Ihr Team","<h2>Eine starke Arbeitgebermarke aufbauen</h2><p>Die besten Kandidaten suchen nicht einfach nur einen Job — sie suchen einen Ort, an dem sie wachsen können. Ihre Arbeitgebermarke ist der erste Eindruck, den die meisten Bewerber von Ihrem Unternehmen haben. Investieren Sie in eine authentische Online-Präsenz, die Ihre Kultur, Werte und die echten Erfahrungen Ihrer Mitarbeiter zeigt. Eine überzeugende Karriereseite und aktive Social-Media-Präsenz wirken Wunder.</p><p>Mundpropaganda bleibt eines der wirkungsvollsten Recruiting-Instrumente. Ermutigen Sie Ihre aktuellen Teammitglieder, ihre Erfahrungen zu teilen und Personen zu empfehlen, denen sie vertrauen. Unternehmen mit einer starken internen Kultur ziehen natürlich externe Talente an, denn Begeisterung ist ansteckend und Kandidaten erkennen den Unterschied zwischen Marketing und echter Zufriedenheit.</p><h2>Den Einstellungsprozess optimieren</h2><p>Ein langsamer oder verwirrender Einstellungsprozess kostet Sie die besten Kandidaten. Top-Talente sind oft innerhalb weniger Tage vom Markt, daher ist jeder unnötige Schritt in Ihrer Pipeline ein Risiko. Planen Sie Ihren Einstellungsablauf, beseitigen Sie überflüssige Interviews und setzen Sie klare Zeitpläne für jede Phase. Kandidaten, die sich während des Prozesses respektiert fühlen, nehmen Ihr Angebot eher an.</p><p>Transparenz zählt an jedem Kontaktpunkt. Lassen Sie Kandidaten wissen, was sie erwartet, geben Sie zeitnahes Feedback und seien Sie ehrlich über die Rolle und ihre Herausforderungen. Ein strukturierter Prozess mit einheitlichen Bewertungskriterien reduziert zudem Voreingenommenheit und führt zu besseren Einstellungsentscheidungen. Schnelligkeit und Fairness sind keine gegensätzlichen Ziele — sie verstärken einander.</p><h2>Durch Entwicklung binden</h2><p>Talentgewinnung endet nicht mit einem unterschriebenen Vertrag. Die ersten neunzig Tage sind entscheidend dafür, neue Mitarbeiter auf langfristigen Erfolg vorzubereiten. Stellen Sie ihnen einen Mentor zur Seite, setzen Sie klare Erwartungen und halten Sie regelmäßig Rücksprache. Ein durchdachtes Onboarding signalisiert, dass Sie Menschen über das Vorstellungsgespräch hinaus wertschätzen, und reduziert die frühe Fluktuation erheblich.</p><p>Mitarbeiterbindung bedeutet letztlich, Menschen sinnvolle Arbeit und Raum zur Entwicklung zu geben. Regelmäßige Karrieregespräche, Möglichkeiten zur Weiterbildung und sichtbare Aufstiegswege halten Ihre besten Leute engagiert. Wenn Mitarbeiter eine Zukunft in Ihrem Unternehmen sehen, hören sie auf, sich anderswo umzuschauen — und werden zu Ihren effektivsten Recruitern.</p>","3 min","de_DE","demo_talent_acquisition","apps/cms/demo_data/attachments/blog-2.jpg","true"
"demo_ta_fr","Stratégies d'acquisition de talents qui fonctionnent","Comment attirer et fidéliser les bonnes personnes pour votre équipe","<h2>Construire une marque employeur forte</h2><p>Les meilleurs candidats ne cherchent pas simplement un emploi — ils cherchent un endroit où ils peuvent évoluer. Votre marque employeur est la première impression que la plupart des candidats auront de votre entreprise. Investissez dans une présence en ligne authentique qui met en valeur votre culture, vos valeurs et les expériences réelles de vos employés. Une page carrières convaincante et une présence active sur les réseaux sociaux font toute la différence.</p><p>Le bouche-à-oreille reste l'un des outils de recrutement les plus puissants. Encouragez vos collaborateurs actuels à partager leurs expériences et à recommander des personnes de confiance. Les entreprises dotées d'une forte culture interne attirent naturellement les talents externes, car l'enthousiasme est contagieux et les candidats savent faire la différence entre du marketing et une satisfaction authentique.</p><h2>Simplifier le processus de recrutement</h2><p>Un processus de recrutement lent ou confus vous coûte les meilleurs candidats. Les talents les plus recherchés sont généralement hors du marché en quelques jours, chaque étape inutile dans votre pipeline est donc un risque. Cartographiez votre flux de recrutement, éliminez les entretiens redondants et fixez des délais clairs pour chaque étape. Les candidats qui se sentent respectés pendant le processus sont plus enclins à accepter votre offre.</p><p>La transparence compte à chaque point de contact. Informez les candidats de ce qui les attend, fournissez un retour rapide et soyez honnête sur le poste et ses défis. Un processus structuré avec des critères d'évaluation cohérents réduit également les biais et mène à de meilleures décisions d'embauche. Rapidité et équité ne sont pas des objectifs contradictoires — ils se renforcent mutuellement.</p><h2>Fidéliser par le développement</h2><p>L'acquisition de talents ne s'arrête pas à la signature du contrat. Les quatre-vingt-dix premiers jours sont décisifs pour préparer les nouvelles recrues au succès à long terme. Associez-les à un mentor, fixez des attentes claires et faites des points réguliers. Un onboarding réfléchi montre que vous valorisez les personnes au-delà de l'entretien et réduit considérablement le turnover précoce.</p><p>La fidélisation repose en fin de compte sur le fait de donner aux gens un travail porteur de sens et un espace pour se développer. Des conversations régulières sur la carrière, des opportunités de montée en compétences et des parcours d'évolution visibles maintiennent l'engagement de vos meilleurs éléments. Quand les employés voient un avenir dans votre entreprise, ils cessent de chercher ailleurs — et deviennent vos recruteurs les plus efficaces.</p>","3 min","fr_FR","demo_talent_acquisition","apps/cms/demo_data/attachments/blog-2.jpg","true"
"demo_wlb_en","Finding Work-Life Balance","Simple strategies for a healthier relationship with work","<h2>Set Boundaries That Stick</h2><p>Work-life balance starts with knowing when to stop. Set a clear end time for your workday and protect it. Close the laptop, silence notifications, and give yourself permission to be off the clock. Boundaries are not a sign of laziness — they are a sign that you take both your work and your well-being seriously.</p><p>Communicate your boundaries to your team so they know what to expect. When everyone respects each other's time, the whole organization benefits. You will find that the hours you do work become more focused and productive when you know a real break is waiting on the other side.</p><h2>Prioritize What Matters</h2><p>Not every task is urgent, and not every meeting needs you. Learn to distinguish between what is truly important and what just feels pressing. Saying no to low-value commitments frees up time for the work that actually moves the needle — and for the personal life that keeps you energized.</p><p>Make space for the things outside of work that recharge you, whether that is exercise, time with family, or simply doing nothing at all. These are not distractions from productivity — they are the foundation of it. People who invest in their personal lives consistently show up better at work.</p><h2>Build Sustainable Habits</h2><p>Balance is not a one-time fix. It requires daily habits that add up over time. Start small: take a real lunch break, go for a short walk between meetings, or block off one evening a week that is entirely yours. Small consistent changes beat dramatic overhauls that do not last.</p><p>Pay attention to the warning signs of burnout — constant fatigue, cynicism, and a feeling that nothing you do is enough. If you notice these patterns, act early rather than pushing through. Sustainable careers are built on steady effort and regular recovery, not on sprints that leave you empty.</p>","3 min","en_US","demo_work_life_balance","apps/cms/demo_data/attachments/blog-3.jpg","true"
"demo_wlb_de","Work-Life-Balance finden","Einfache Strategien für ein gesünderes Verhältnis zur Arbeit","<h2>Grenzen setzen, die halten</h2><p>Work-Life-Balance beginnt damit, zu wissen, wann Schluss ist. Legen Sie ein klares Ende für Ihren Arbeitstag fest und schützen Sie es. Klappen Sie den Laptop zu, schalten Sie Benachrichtigungen stumm und erlauben Sie sich, nicht erreichbar zu sein. Grenzen sind kein Zeichen von Faulheit — sie zeigen, dass Sie sowohl Ihre Arbeit als auch Ihr Wohlbefinden ernst nehmen.</p><p>Kommunizieren Sie Ihre Grenzen an Ihr Team, damit alle wissen, was sie erwarten können. Wenn jeder die Zeit des anderen respektiert, profitiert die gesamte Organisation. Sie werden feststellen, dass die Stunden, in denen Sie arbeiten, konzentrierter und produktiver werden, wenn eine echte Pause auf Sie wartet.</p><h2>Das Wichtige priorisieren</h2><p>Nicht jede Aufgabe ist dringend und nicht jedes Meeting braucht Sie. Lernen Sie, zwischen dem wirklich Wichtigen und dem, was sich nur dringend anfühlt, zu unterscheiden. Nein zu unwichtigen Verpflichtungen zu sagen schafft Zeit für die Arbeit, die wirklich etwas bewegt — und für das Privatleben, das Ihnen Energie gibt.</p><p>Schaffen Sie Raum für die Dinge außerhalb der Arbeit, die Sie aufladen, ob Sport, Zeit mit der Familie oder einfach gar nichts tun. Das sind keine Ablenkungen von der Produktivität — sie sind deren Grundlage. Menschen, die in ihr Privatleben investieren, sind bei der Arbeit durchweg leistungsfähiger.</p><h2>Nachhaltige Gewohnheiten aufbauen</h2><p>Balance ist keine einmalige Lösung. Sie erfordert tägliche Gewohnheiten, die sich über die Zeit summieren. Fangen Sie klein an: Machen Sie eine richtige Mittagspause, gehen Sie zwischen Meetings kurz spazieren oder blocken Sie einen Abend pro Woche, der ganz Ihnen gehört. Kleine beständige Veränderungen schlagen dramatische Umstellungen, die nicht von Dauer sind.</p><p>Achten Sie auf die Warnsignale von Burnout — ständige Müdigkeit, Zynismus und das Gefühl, dass nichts, was Sie tun, ausreicht. Wenn Sie diese Muster bemerken, handeln Sie früh, anstatt sich durchzuquälen. Nachhaltige Karrieren entstehen durch stetige Anstrengung und regelmäßige Erholung, nicht durch Sprints, die Sie auslaugen.</p>","3 min","de_DE","demo_work_life_balance","apps/cms/demo_data/attachments/blog-3.jpg","true"
"demo_wlb_fr","Trouver l'équilibre entre vie professionnelle et vie personnelle","Des stratégies simples pour une relation plus saine avec le travail","<h2>Poser des limites qui tiennent</h2><p>L'équilibre entre vie professionnelle et vie personnelle commence par savoir quand s'arrêter. Fixez une heure de fin claire pour votre journée de travail et protégez-la. Fermez l'ordinateur, coupez les notifications et accordez-vous le droit d'être déconnecté. Les limites ne sont pas un signe de paresse — elles montrent que vous prenez au sérieux à la fois votre travail et votre bien-être.</p><p>Communiquez vos limites à votre équipe pour que chacun sache à quoi s'attendre. Quand tout le monde respecte le temps de l'autre, c'est toute l'organisation qui en bénéficie. Vous constaterez que les heures que vous consacrez au travail deviennent plus concentrées et productives quand une vraie pause vous attend de l'autre côté.</p><h2>Prioriser ce qui compte</h2><p>Toutes les tâches ne sont pas urgentes et toutes les réunions n'ont pas besoin de vous. Apprenez à distinguer ce qui est vraiment important de ce qui semble simplement pressant. Dire non aux engagements à faible valeur libère du temps pour le travail qui fait vraiment avancer les choses — et pour la vie personnelle qui vous donne de l'énergie.</p><p>Faites de la place pour les choses en dehors du travail qui vous ressourcent, que ce soit le sport, le temps en famille ou simplement ne rien faire. Ce ne sont pas des distractions par rapport à la productivité — elles en sont le fondement. Les personnes qui investissent dans leur vie personnelle sont systématiquement plus performantes au travail.</p><h2>Construire des habitudes durables</h2><p>L'équilibre n'est pas une solution ponctuelle. Il nécessite des habitudes quotidiennes qui s'accumulent au fil du temps. Commencez petit : prenez une vraie pause déjeuner, faites une courte promenade entre les réunions ou bloquez une soirée par semaine qui vous appartient entièrement. De petits changements constants valent mieux que des transformations radicales qui ne durent pas.</p><p>Soyez attentif aux signes avant-coureurs du burnout — la fatigue constante, le cynisme et le sentiment que rien de ce que vous faites n'est suffisant. Si vous remarquez ces schémas, agissez tôt plutôt que de forcer le passage. Les carrières durables se construisent sur un effort régulier et une récupération fréquente, pas sur des sprints qui vous vident de votre énergie.</p>","3 min","fr_FR","demo_work_life_balance","apps/cms/demo_data/attachments/blog-3.jpg","true"
